{
  "generateCore":
  {
    "inputs":
    [
      {
        "name":"core namespace",
        "kind":"required",
        "type":"filepath=*.yaml,*.yml"
      },
      {
        "name":"extensions namespace(s)",
        "kind":"optional",
        "type":"filepath=*.yaml,*.yml",
        "multiplicity":"append"
      }
    ]
  },
  "generateExtension":
  {
    "inputs":
    [
      {
        "name":"namespace",
        "kind":"required",
        "type":"filepath=*.yaml,*.yml"
      }
    ]
  },
  "nwbRead":
  {
    "inputs":
    [
      {"name":"NWB File", "kind":"required", "type":"filepath=*.nwb,*.h5"}
    ],
    "outputs":
    [
      {"name":"nwbfile Object", "type":"nwbfile"}
    ]
  },
  "nwbExport":
  {
    "inputs":
    [
      {"name":"nwbfile Object", "kind":"required", "type":"nwbfile"}
    ]
  }
}
